"Inclusion of functionality from an untrusted source","Including functionality from an untrusted source may allow an attacker to control the functionality and execute arbitrary code.","warning","Script loaded from content delivery network with no integrity check.","/docs/modules/_baseCreate.html","900","3","900","69"
"Inclusion of functionality from an untrusted source","Including functionality from an untrusted source may allow an attacker to control the functionality and execute arbitrary code.","warning","Script loaded from content delivery network with no integrity check.","/docs/modules/_baseIteratee.html","887","3","887","69"
"Inclusion of functionality from an untrusted source","Including functionality from an untrusted source may allow an attacker to control the functionality and execute arbitrary code.","warning","Script loaded from content delivery network with no integrity check.","/docs/modules/_cb.html","880","3","880","69"
"Inclusion of functionality from an untrusted source","Including functionality from an untrusted source may allow an attacker to control the functionality and execute arbitrary code.","warning","Script loaded from content delivery network with no integrity check.","/docs/modules/_chainResult.html","876","3","876","69"
"Inclusion of functionality from an untrusted source","Including functionality from an untrusted source may allow an attacker to control the functionality and execute arbitrary code.","warning","Script loaded from content delivery network with no integrity check.","/docs/modules/_collectNonEnumProps.html","934","3","934","69"
"Inclusion of functionality from an untrusted source","Including functionality from an untrusted source may allow an attacker to control the functionality and execute arbitrary code.","warning","Script loaded from content delivery network with no integrity check.","/docs/modules/_createAssigner.html","876","3","876","69"
"Inclusion of functionality from an untrusted source","Including functionality from an untrusted source may allow an attacker to control the functionality and execute arbitrary code.","warning","Script loaded from content delivery network with no integrity check.","/docs/modules/_createEscaper.html","900","3","900","69"
"Inclusion of functionality from an untrusted source","Including functionality from an untrusted source may allow an attacker to control the functionality and execute arbitrary code.","warning","Script loaded from content delivery network with no integrity check.","/docs/modules/_createIndexFinder.html","898","3","898","69"
"Inclusion of functionality from an untrusted source","Including functionality from an untrusted source may allow an attacker to control the functionality and execute arbitrary code.","warning","Script loaded from content delivery network with no integrity check.","/docs/modules/_createPredicateIndexFinder.html","885","3","885","69"
"Inclusion of functionality from an untrusted source","Including functionality from an untrusted source may allow an attacker to control the functionality and execute arbitrary code.","warning","Script loaded from content delivery network with no integrity check.","/docs/modules/_createReduce.html","911","3","911","69"
"Inclusion of functionality from an untrusted source","Including functionality from an untrusted source may allow an attacker to control the functionality and execute arbitrary code.","warning","Script loaded from content delivery network with no integrity check.","/docs/modules/_createSizePropertyCheck.html","879","3","879","69"
"Inclusion of functionality from an untrusted source","Including functionality from an untrusted source may allow an attacker to control the functionality and execute arbitrary code.","warning","Script loaded from content delivery network with no integrity check.","/docs/modules/_deepGet.html","867","3","867","69"
"Inclusion of functionality from an untrusted source","Including functionality from an untrusted source may allow an attacker to control the functionality and execute arbitrary code.","warning","Script loaded from content delivery network with no integrity check.","/docs/modules/_escapeMap.html","867","3","867","69"
"Inclusion of functionality from an untrusted source","Including functionality from an untrusted source may allow an attacker to control the functionality and execute arbitrary code.","warning","Script loaded from content delivery network with no integrity check.","/docs/modules/_executeBound.html","883","3","883","69"
"Inclusion of functionality from an untrusted source","Including functionality from an untrusted source may allow an attacker to control the functionality and execute arbitrary code.","warning","Script loaded from content delivery network with no integrity check.","/docs/modules/_flatten.html","914","3","914","69"
"Inclusion of functionality from an untrusted source","Including functionality from an untrusted source may allow an attacker to control the functionality and execute arbitrary code.","warning","Script loaded from content delivery network with no integrity check.","/docs/modules/_getByteLength.html","874","3","874","69"
"Inclusion of functionality from an untrusted source","Including functionality from an untrusted source may allow an attacker to control the functionality and execute arbitrary code.","warning","Script loaded from content delivery network with no integrity check.","/docs/modules/_getLength.html","874","3","874","69"
"Inclusion of functionality from an untrusted source","Including functionality from an untrusted source may allow an attacker to control the functionality and execute arbitrary code.","warning","Script loaded from content delivery network with no integrity check.","/docs/modules/_group.html","885","3","885","69"
"Inclusion of functionality from an untrusted source","Including functionality from an untrusted source may allow an attacker to control the functionality and execute arbitrary code.","warning","Script loaded from content delivery network with no integrity check.","/docs/modules/_has.html","876","3","876","69"
"Inclusion of functionality from an untrusted source","Including functionality from an untrusted source may allow an attacker to control the functionality and execute arbitrary code.","warning","Script loaded from content delivery network with no integrity check.","/docs/modules/_hasObjectTag.html","861","3","861","69"
"Inclusion of functionality from an untrusted source","Including functionality from an untrusted source may allow an attacker to control the functionality and execute arbitrary code.","warning","Script loaded from content delivery network with no integrity check.","/docs/modules/_isArrayLike.html","878","3","878","69"
"Inclusion of functionality from an untrusted source","Including functionality from an untrusted source may allow an attacker to control the functionality and execute arbitrary code.","warning","Script loaded from content delivery network with no integrity check.","/docs/modules/_isBufferLike.html","876","3","876","69"
"Inclusion of functionality from an untrusted source","Including functionality from an untrusted source may allow an attacker to control the functionality and execute arbitrary code.","warning","Script loaded from content delivery network with no integrity check.","/docs/modules/_keyInObj.html","863","3","863","69"
"Inclusion of functionality from an untrusted source","Including functionality from an untrusted source may allow an attacker to control the functionality and execute arbitrary code.","warning","Script loaded from content delivery network with no integrity check.","/docs/modules/_methodFingerprint.html","957","3","957","69"
"Inclusion of functionality from an untrusted source","Including functionality from an untrusted source may allow an attacker to control the functionality and execute arbitrary code.","warning","Script loaded from content delivery network with no integrity check.","/docs/modules/_optimizeCb.html","892","3","892","69"
"Inclusion of functionality from an untrusted source","Including functionality from an untrusted source may allow an attacker to control the functionality and execute arbitrary code.","warning","Script loaded from content delivery network with no integrity check.","/docs/modules/_setup.html","997","3","997","69"
"Inclusion of functionality from an untrusted source","Including functionality from an untrusted source may allow an attacker to control the functionality and execute arbitrary code.","warning","Script loaded from content delivery network with no integrity check.","/docs/modules/_shallowProperty.html","864","3","864","69"
"Inclusion of functionality from an untrusted source","Including functionality from an untrusted source may allow an attacker to control the functionality and execute arbitrary code.","warning","Script loaded from content delivery network with no integrity check.","/docs/modules/_stringTagBug.html","880","3","880","69"
"Inclusion of functionality from an untrusted source","Including functionality from an untrusted source may allow an attacker to control the functionality and execute arbitrary code.","warning","Script loaded from content delivery network with no integrity check.","/docs/modules/_tagTester.html","879","3","879","69"
"Inclusion of functionality from an untrusted source","Including functionality from an untrusted source may allow an attacker to control the functionality and execute arbitrary code.","warning","Script loaded from content delivery network with no integrity check.","/docs/modules/_toBufferView.html","881","3","881","69"
"Inclusion of functionality from an untrusted source","Including functionality from an untrusted source may allow an attacker to control the functionality and execute arbitrary code.","warning","Script loaded from content delivery network with no integrity check.","/docs/modules/_toPath.html","878","3","878","69"
"Inclusion of functionality from an untrusted source","Including functionality from an untrusted source may allow an attacker to control the functionality and execute arbitrary code.","warning","Script loaded from content delivery network with no integrity check.","/docs/modules/_unescapeMap.html","875","3","875","69"
"Inclusion of functionality from an untrusted source","Including functionality from an untrusted source may allow an attacker to control the functionality and execute arbitrary code.","warning","Script loaded from content delivery network with no integrity check.","/docs/modules/after.html","866","3","866","69"
"Inclusion of functionality from an untrusted source","Including functionality from an untrusted source may allow an attacker to control the functionality and execute arbitrary code.","warning","Script loaded from content delivery network with no integrity check.","/docs/modules/allKeys.html","896","3","896","69"
"Inclusion of functionality from an untrusted source","Including functionality from an untrusted source may allow an attacker to control the functionality and execute arbitrary code.","warning","Script loaded from content delivery network with no integrity check.","/docs/modules/before.html","870","3","870","69"
"Inclusion of functionality from an untrusted source","Including functionality from an untrusted source may allow an attacker to control the functionality and execute arbitrary code.","warning","Script loaded from content delivery network with no integrity check.","/docs/modules/bind.html","883","3","883","69"
"Inclusion of functionality from an untrusted source","Including functionality from an untrusted source may allow an attacker to control the functionality and execute arbitrary code.","warning","Script loaded from content delivery network with no integrity check.","/docs/modules/bindAll.html","887","3","887","69"
"Inclusion of functionality from an untrusted source","Including functionality from an untrusted source may allow an attacker to control the functionality and execute arbitrary code.","warning","Script loaded from content delivery network with no integrity check.","/docs/modules/chain.html","878","3","878","69"
"Inclusion of functionality from an untrusted source","Including functionality from an untrusted source may allow an attacker to control the functionality and execute arbitrary code.","warning","Script loaded from content delivery network with no integrity check.","/docs/modules/chunk.html","883","3","883","69"
"Inclusion of functionality from an untrusted source","Including functionality from an untrusted source may allow an attacker to control the functionality and execute arbitrary code.","warning","Script loaded from content delivery network with no integrity check.","/docs/modules/clone.html","879","3","879","69"
"Inclusion of functionality from an untrusted source","Including functionality from an untrusted source may allow an attacker to control the functionality and execute arbitrary code.","warning","Script loaded from content delivery network with no integrity check.","/docs/modules/compact.html","876","3","876","69"
"Inclusion of functionality from an untrusted source","Including functionality from an untrusted source may allow an attacker to control the functionality and execute arbitrary code.","warning","Script loaded from content delivery network with no integrity check.","/docs/modules/compose.html","870","3","870","69"
"Inclusion of functionality from an untrusted source","Including functionality from an untrusted source may allow an attacker to control the functionality and execute arbitrary code.","warning","Script loaded from content delivery network with no integrity check.","/docs/modules/constant.html","864","3","864","69"
"Inclusion of functionality from an untrusted source","Including functionality from an untrusted source may allow an attacker to control the functionality and execute arbitrary code.","warning","Script loaded from content delivery network with no integrity check.","/docs/modules/contains.html","880","3","880","69"
"Inclusion of functionality from an untrusted source","Including functionality from an untrusted source may allow an attacker to control the functionality and execute arbitrary code.","warning","Script loaded from content delivery network with no integrity check.","/docs/modules/countBy.html","879","3","879","69"
"Inclusion of functionality from an untrusted source","Including functionality from an untrusted source may allow an attacker to control the functionality and execute arbitrary code.","warning","Script loaded from content delivery network with no integrity check.","/docs/modules/create.html","881","3","881","69"
"Inclusion of functionality from an untrusted source","Including functionality from an untrusted source may allow an attacker to control the functionality and execute arbitrary code.","warning","Script loaded from content delivery network with no integrity check.","/docs/modules/debounce.html","905","3","905","69"
"Inclusion of functionality from an untrusted source","Including functionality from an untrusted source may allow an attacker to control the functionality and execute arbitrary code.","warning","Script loaded from content delivery network with no integrity check.","/docs/modules/defaults.html","875","3","875","69"
"Inclusion of functionality from an untrusted source","Including functionality from an untrusted source may allow an attacker to control the functionality and execute arbitrary code.","warning","Script loaded from content delivery network with no integrity check.","/docs/modules/defer.html","877","3","877","69"
"Inclusion of functionality from an untrusted source","Including functionality from an untrusted source may allow an attacker to control the functionality and execute arbitrary code.","warning","Script loaded from content delivery network with no integrity check.","/docs/modules/delay.html","879","3","879","69"
"Inclusion of functionality from an untrusted source","Including functionality from an untrusted source may allow an attacker to control the functionality and execute arbitrary code.","warning","Script loaded from content delivery network with no integrity check.","/docs/modules/difference.html","883","3","883","69"
"Inclusion of functionality from an untrusted source","Including functionality from an untrusted source may allow an attacker to control the functionality and execute arbitrary code.","warning","Script loaded from content delivery network with no integrity check.","/docs/modules/each.html","893","3","893","69"
"Inclusion of functionality from an untrusted source","Including functionality from an untrusted source may allow an attacker to control the functionality and execute arbitrary code.","warning","Script loaded from content delivery network with no integrity check.","/docs/modules/escape.html","875","3","875","69"
"Inclusion of functionality from an untrusted source","Including functionality from an untrusted source may allow an attacker to control the functionality and execute arbitrary code.","warning","Script loaded from content delivery network with no integrity check.","/docs/modules/every.html","885","3","885","69"
"Inclusion of functionality from an untrusted source","Including functionality from an untrusted source may allow an attacker to control the functionality and execute arbitrary code.","warning","Script loaded from content delivery network with no integrity check.","/docs/modules/extend.html","875","3","875","69"
"Inclusion of functionality from an untrusted source","Including functionality from an untrusted source may allow an attacker to control the functionality and execute arbitrary code.","warning","Script loaded from content delivery network with no integrity check.","/docs/modules/extendOwn.html","877","3","877","69"
"Inclusion of functionality from an untrusted source","Including functionality from an untrusted source may allow an attacker to control the functionality and execute arbitrary code.","warning","Script loaded from content delivery network with no integrity check.","/docs/modules/filter.html","882","3","882","69"
"Inclusion of functionality from an untrusted source","Including functionality from an untrusted source may allow an attacker to control the functionality and execute arbitrary code.","warning","Script loaded from content delivery network with no integrity check.","/docs/modules/find.html","880","3","880","69"
"Inclusion of functionality from an untrusted source","Including functionality from an untrusted source may allow an attacker to control the functionality and execute arbitrary code.","warning","Script loaded from content delivery network with no integrity check.","/docs/modules/findIndex.html","874","3","874","69"
"Inclusion of functionality from an untrusted source","Including functionality from an untrusted source may allow an attacker to control the functionality and execute arbitrary code.","warning","Script loaded from content delivery network with no integrity check.","/docs/modules/findKey.html","882","3","882","69"
"Inclusion of functionality from an untrusted source","Including functionality from an untrusted source may allow an attacker to control the functionality and execute arbitrary code.","warning","Script loaded from content delivery network with no integrity check.","/docs/modules/findLastIndex.html","874","3","874","69"
"Inclusion of functionality from an untrusted source","Including functionality from an untrusted source may allow an attacker to control the functionality and execute arbitrary code.","warning","Script loaded from content delivery network with no integrity check.","/docs/modules/findWhere.html","878","3","878","69"
"Inclusion of functionality from an untrusted source","Including functionality from an untrusted source may allow an attacker to control the functionality and execute arbitrary code.","warning","Script loaded from content delivery network with no integrity check.","/docs/modules/first.html","879","3","879","69"
"Inclusion of functionality from an untrusted source","Including functionality from an untrusted source may allow an attacker to control the functionality and execute arbitrary code.","warning","Script loaded from content delivery network with no integrity check.","/docs/modules/flatten.html","877","3","877","69"
"Inclusion of functionality from an untrusted source","Including functionality from an untrusted source may allow an attacker to control the functionality and execute arbitrary code.","warning","Script loaded from content delivery network with no integrity check.","/docs/modules/functions.html","880","3","880","69"
"Inclusion of functionality from an untrusted source","Including functionality from an untrusted source may allow an attacker to control the functionality and execute arbitrary code.","warning","Script loaded from content delivery network with no integrity check.","/docs/modules/get.html","882","3","882","69"
"Inclusion of functionality from an untrusted source","Including functionality from an untrusted source may allow an attacker to control the functionality and execute arbitrary code.","warning","Script loaded from content delivery network with no integrity check.","/docs/modules/groupBy.html","878","3","878","69"
"Inclusion of functionality from an untrusted source","Including functionality from an untrusted source may allow an attacker to control the functionality and execute arbitrary code.","warning","Script loaded from content delivery network with no integrity check.","/docs/modules/has.html","886","3","886","69"
"Inclusion of functionality from an untrusted source","Including functionality from an untrusted source may allow an attacker to control the functionality and execute arbitrary code.","warning","Script loaded from content delivery network with no integrity check.","/docs/modules/identity.html","862","3","862","69"
"Inclusion of functionality from an untrusted source","Including functionality from an untrusted source may allow an attacker to control the functionality and execute arbitrary code.","warning","Script loaded from content delivery network with no integrity check.","/docs/modules/index-all.html","877","3","877","69"
"Inclusion of functionality from an untrusted source","Including functionality from an untrusted source may allow an attacker to control the functionality and execute arbitrary code.","warning","Script loaded from content delivery network with no integrity check.","/docs/modules/index-default.html","925","3","925","69"
"Inclusion of functionality from an untrusted source","Including functionality from an untrusted source may allow an attacker to control the functionality and execute arbitrary code.","warning","Script loaded from content delivery network with no integrity check.","/docs/modules/index.html","1280","3","1280","69"
"Inclusion of functionality from an untrusted source","Including functionality from an untrusted source may allow an attacker to control the functionality and execute arbitrary code.","warning","Script loaded from content delivery network with no integrity check.","/docs/modules/indexBy.html","877","3","877","69"
"Inclusion of functionality from an untrusted source","Including functionality from an untrusted source may allow an attacker to control the functionality and execute arbitrary code.","warning","Script loaded from content delivery network with no integrity check.","/docs/modules/indexOf.html","879","3","879","69"
"Inclusion of functionality from an untrusted source","Including functionality from an untrusted source may allow an attacker to control the functionality and execute arbitrary code.","warning","Script loaded from content delivery network with no integrity check.","/docs/modules/initial.html","878","3","878","69"
"Inclusion of functionality from an untrusted source","Including functionality from an untrusted source may allow an attacker to control the functionality and execute arbitrary code.","warning","Script loaded from content delivery network with no integrity check.","/docs/modules/intersection.html","889","3","889","69"
"Inclusion of functionality from an untrusted source","Including functionality from an untrusted source may allow an attacker to control the functionality and execute arbitrary code.","warning","Script loaded from content delivery network with no integrity check.","/docs/modules/invert.html","881","3","881","69"
"Inclusion of functionality from an untrusted source","Including functionality from an untrusted source may allow an attacker to control the functionality and execute arbitrary code.","warning","Script loaded from content delivery network with no integrity check.","/docs/modules/invoke.html","898","3","898","69"
"Inclusion of functionality from an untrusted source","Including functionality from an untrusted source may allow an attacker to control the functionality and execute arbitrary code.","warning","Script loaded from content delivery network with no integrity check.","/docs/modules/isArguments.html","886","3","886","69"
"Inclusion of functionality from an untrusted source","Including functionality from an untrusted source may allow an attacker to control the functionality and execute arbitrary code.","warning","Script loaded from content delivery network with no integrity check.","/docs/modules/isArray.html","876","3","876","69"
"Inclusion of functionality from an untrusted source","Including functionality from an untrusted source may allow an attacker to control the functionality and execute arbitrary code.","warning","Script loaded from content delivery network with no integrity check.","/docs/modules/isArrayBuffer.html","861","3","861","69"
"Inclusion of functionality from an untrusted source","Including functionality from an untrusted source may allow an attacker to control the functionality and execute arbitrary code.","warning","Script loaded from content delivery network with no integrity check.","/docs/modules/isBoolean.html","876","3","876","69"
"Inclusion of functionality from an untrusted source","Including functionality from an untrusted source may allow an attacker to control the functionality and execute arbitrary code.","warning","Script loaded from content delivery network with no integrity check.","/docs/modules/isDataView.html","884","3","884","69"
"Inclusion of functionality from an untrusted source","Including functionality from an untrusted source may allow an attacker to control the functionality and execute arbitrary code.","warning","Script loaded from content delivery network with no integrity check.","/docs/modules/isDate.html","861","3","861","69"
"Inclusion of functionality from an untrusted source","Including functionality from an untrusted source may allow an attacker to control the functionality and execute arbitrary code.","warning","Script loaded from content delivery network with no integrity check.","/docs/modules/isElement.html","862","3","862","69"
"Inclusion of functionality from an untrusted source","Including functionality from an untrusted source may allow an attacker to control the functionality and execute arbitrary code.","warning","Script loaded from content delivery network with no integrity check.","/docs/modules/isEmpty.html","901","3","901","69"
"Inclusion of functionality from an untrusted source","Including functionality from an untrusted source may allow an attacker to control the functionality and execute arbitrary code.","warning","Script loaded from content delivery network with no integrity check.","/docs/modules/isEqual.html","1377","3","1377","69"
"Inclusion of functionality from an untrusted source","Including functionality from an untrusted source may allow an attacker to control the functionality and execute arbitrary code.","warning","Script loaded from content delivery network with no integrity check.","/docs/modules/isError.html","861","3","861","69"
"Inclusion of functionality from an untrusted source","Including functionality from an untrusted source may allow an attacker to control the functionality and execute arbitrary code.","warning","Script loaded from content delivery network with no integrity check.","/docs/modules/isFinite.html","877","3","877","69"
"Inclusion of functionality from an untrusted source","Including functionality from an untrusted source may allow an attacker to control the functionality and execute arbitrary code.","warning","Script loaded from content delivery network with no integrity check.","/docs/modules/isFunction.html","885","3","885","69"
"Inclusion of functionality from an untrusted source","Including functionality from an untrusted source may allow an attacker to control the functionality and execute arbitrary code.","warning","Script loaded from content delivery network with no integrity check.","/docs/modules/isMap.html","863","3","863","69"
"Inclusion of functionality from an untrusted source","Including functionality from an untrusted source may allow an attacker to control the functionality and execute arbitrary code.","warning","Script loaded from content delivery network with no integrity check.","/docs/modules/isMatch.html","883","3","883","69"
"Inclusion of functionality from an untrusted source","Including functionality from an untrusted source may allow an attacker to control the functionality and execute arbitrary code.","warning","Script loaded from content delivery network with no integrity check.","/docs/modules/isNaN.html","877","3","877","69"
"Inclusion of functionality from an untrusted source","Including functionality from an untrusted source may allow an attacker to control the functionality and execute arbitrary code.","warning","Script loaded from content delivery network with no integrity check.","/docs/modules/isNull.html","862","3","862","69"
"Inclusion of functionality from an untrusted source","Including functionality from an untrusted source may allow an attacker to control the functionality and execute arbitrary code.","warning","Script loaded from content delivery network with no integrity check.","/docs/modules/isNumber.html","861","3","861","69"
"Inclusion of functionality from an untrusted source","Including functionality from an untrusted source may allow an attacker to control the functionality and execute arbitrary code.","warning","Script loaded from content delivery network with no integrity check.","/docs/modules/isObject.html","863","3","863","69"
"Inclusion of functionality from an untrusted source","Including functionality from an untrusted source may allow an attacker to control the functionality and execute arbitrary code.","warning","Script loaded from content delivery network with no integrity check.","/docs/modules/isRegExp.html","861","3","861","69"
"Inclusion of functionality from an untrusted source","Including functionality from an untrusted source may allow an attacker to control the functionality and execute arbitrary code.","warning","Script loaded from content delivery network with no integrity check.","/docs/modules/isSet.html","863","3","863","69"
"Inclusion of functionality from an untrusted source","Including functionality from an untrusted source may allow an attacker to control the functionality and execute arbitrary code.","warning","Script loaded from content delivery network with no integrity check.","/docs/modules/isString.html","861","3","861","69"
"Inclusion of functionality from an untrusted source","Including functionality from an untrusted source may allow an attacker to control the functionality and execute arbitrary code.","warning","Script loaded from content delivery network with no integrity check.","/docs/modules/isSymbol.html","861","3","861","69"
"Inclusion of functionality from an untrusted source","Including functionality from an untrusted source may allow an attacker to control the functionality and execute arbitrary code.","warning","Script loaded from content delivery network with no integrity check.","/docs/modules/isTypedArray.html","898","3","898","69"
"Inclusion of functionality from an untrusted source","Including functionality from an untrusted source may allow an attacker to control the functionality and execute arbitrary code.","warning","Script loaded from content delivery network with no integrity check.","/docs/modules/isUndefined.html","862","3","862","69"
"Inclusion of functionality from an untrusted source","Including functionality from an untrusted source may allow an attacker to control the functionality and execute arbitrary code.","warning","Script loaded from content delivery network with no integrity check.","/docs/modules/isWeakMap.html","863","3","863","69"
"Inclusion of functionality from an untrusted source","Including functionality from an untrusted source may allow an attacker to control the functionality and execute arbitrary code.","warning","Script loaded from content delivery network with no integrity check.","/docs/modules/isWeakSet.html","861","3","861","69"
"Inclusion of functionality from an untrusted source","Including functionality from an untrusted source may allow an attacker to control the functionality and execute arbitrary code.","warning","Script loaded from content delivery network with no integrity check.","/docs/modules/iteratee.html","880","3","880","69"
"Inclusion of functionality from an untrusted source","Including functionality from an untrusted source may allow an attacker to control the functionality and execute arbitrary code.","warning","Script loaded from content delivery network with no integrity check.","/docs/modules/keys.html","899","3","899","69"
"Inclusion of functionality from an untrusted source","Including functionality from an untrusted source may allow an attacker to control the functionality and execute arbitrary code.","warning","Script loaded from content delivery network with no integrity check.","/docs/modules/last.html","879","3","879","69"
"Inclusion of functionality from an untrusted source","Including functionality from an untrusted source may allow an attacker to control the functionality and execute arbitrary code.","warning","Script loaded from content delivery network with no integrity check.","/docs/modules/lastIndexOf.html","876","3","876","69"
"Inclusion of functionality from an untrusted source","Including functionality from an untrusted source may allow an attacker to control the functionality and execute arbitrary code.","warning","Script loaded from content delivery network with no integrity check.","/docs/modules/map.html","886","3","886","69"
"Inclusion of functionality from an untrusted source","Including functionality from an untrusted source may allow an attacker to control the functionality and execute arbitrary code.","warning","Script loaded from content delivery network with no integrity check.","/docs/modules/mapObject.html","886","3","886","69"
"Inclusion of functionality from an untrusted source","Including functionality from an untrusted source may allow an attacker to control the functionality and execute arbitrary code.","warning","Script loaded from content delivery network with no integrity check.","/docs/modules/matcher.html","881","3","881","69"
"Inclusion of functionality from an untrusted source","Including functionality from an untrusted source may allow an attacker to control the functionality and execute arbitrary code.","warning","Script loaded from content delivery network with no integrity check.","/docs/modules/max.html","899","3","899","69"
"Inclusion of functionality from an untrusted source","Including functionality from an untrusted source may allow an attacker to control the functionality and execute arbitrary code.","warning","Script loaded from content delivery network with no integrity check.","/docs/modules/memoize.html","883","3","883","69"
"Inclusion of functionality from an untrusted source","Including functionality from an untrusted source may allow an attacker to control the functionality and execute arbitrary code.","warning","Script loaded from content delivery network with no integrity check.","/docs/modules/min.html","899","3","899","69"
"Inclusion of functionality from an untrusted source","Including functionality from an untrusted source may allow an attacker to control the functionality and execute arbitrary code.","warning","Script loaded from content delivery network with no integrity check.","/docs/modules/mixin.html","888","3","888","69"
"Inclusion of functionality from an untrusted source","Including functionality from an untrusted source may allow an attacker to control the functionality and execute arbitrary code.","warning","Script loaded from content delivery network with no integrity check.","/docs/modules/negate.html","864","3","864","69"
"Inclusion of functionality from an untrusted source","Including functionality from an untrusted source may allow an attacker to control the functionality and execute arbitrary code.","warning","Script loaded from content delivery network with no integrity check.","/docs/modules/noop.html","860","3","860","69"
"Inclusion of functionality from an untrusted source","Including functionality from an untrusted source may allow an attacker to control the functionality and execute arbitrary code.","warning","Script loaded from content delivery network with no integrity check.","/docs/modules/now.html","862","3","862","69"
"Inclusion of functionality from an untrusted source","Including functionality from an untrusted source may allow an attacker to control the functionality and execute arbitrary code.","warning","Script loaded from content delivery network with no integrity check.","/docs/modules/object.html","886","3","886","69"
"Inclusion of functionality from an untrusted source","Including functionality from an untrusted source may allow an attacker to control the functionality and execute arbitrary code.","warning","Script loaded from content delivery network with no integrity check.","/docs/modules/omit.html","892","3","892","69"
"Inclusion of functionality from an untrusted source","Including functionality from an untrusted source may allow an attacker to control the functionality and execute arbitrary code.","warning","Script loaded from content delivery network with no integrity check.","/docs/modules/once.html","876","3","876","69"
"Inclusion of functionality from an untrusted source","Including functionality from an untrusted source may allow an attacker to control the functionality and execute arbitrary code.","warning","Script loaded from content delivery network with no integrity check.","/docs/modules/pairs.html","883","3","883","69"
"Inclusion of functionality from an untrusted source","Including functionality from an untrusted source may allow an attacker to control the functionality and execute arbitrary code.","warning","Script loaded from content delivery network with no integrity check.","/docs/modules/partial.html","894","3","894","69"
"Inclusion of functionality from an untrusted source","Including functionality from an untrusted source may allow an attacker to control the functionality and execute arbitrary code.","warning","Script loaded from content delivery network with no integrity check.","/docs/modules/partition.html","877","3","877","69"
"Inclusion of functionality from an untrusted source","Including functionality from an untrusted source may allow an attacker to control the functionality and execute arbitrary code.","warning","Script loaded from content delivery network with no integrity check.","/docs/modules/pick.html","896","3","896","69"
"Inclusion of functionality from an untrusted source","Including functionality from an untrusted source may allow an attacker to control the functionality and execute arbitrary code.","warning","Script loaded from content delivery network with no integrity check.","/docs/modules/pluck.html","877","3","877","69"
"Inclusion of functionality from an untrusted source","Including functionality from an untrusted source may allow an attacker to control the functionality and execute arbitrary code.","warning","Script loaded from content delivery network with no integrity check.","/docs/modules/property.html","881","3","881","69"
"Inclusion of functionality from an untrusted source","Including functionality from an untrusted source may allow an attacker to control the functionality and execute arbitrary code.","warning","Script loaded from content delivery network with no integrity check.","/docs/modules/propertyOf.html","880","3","880","69"
"Inclusion of functionality from an untrusted source","Including functionality from an untrusted source may allow an attacker to control the functionality and execute arbitrary code.","warning","Script loaded from content delivery network with no integrity check.","/docs/modules/random.html","866","3","866","69"
"Inclusion of functionality from an untrusted source","Including functionality from an untrusted source may allow an attacker to control the functionality and execute arbitrary code.","warning","Script loaded from content delivery network with no integrity check.","/docs/modules/range.html","879","3","879","69"
"Inclusion of functionality from an untrusted source","Including functionality from an untrusted source may allow an attacker to control the functionality and execute arbitrary code.","warning","Script loaded from content delivery network with no integrity check.","/docs/modules/reduce.html","875","3","875","69"
"Inclusion of functionality from an untrusted source","Including functionality from an untrusted source may allow an attacker to control the functionality and execute arbitrary code.","warning","Script loaded from content delivery network with no integrity check.","/docs/modules/reduceRight.html","874","3","874","69"
"Inclusion of functionality from an untrusted source","Including functionality from an untrusted source may allow an attacker to control the functionality and execute arbitrary code.","warning","Script loaded from content delivery network with no integrity check.","/docs/modules/reject.html","878","3","878","69"
"Inclusion of functionality from an untrusted source","Including functionality from an untrusted source may allow an attacker to control the functionality and execute arbitrary code.","warning","Script loaded from content delivery network with no integrity check.","/docs/modules/rest.html","878","3","878","69"
"Inclusion of functionality from an untrusted source","Including functionality from an untrusted source may allow an attacker to control the functionality and execute arbitrary code.","warning","Script loaded from content delivery network with no integrity check.","/docs/modules/restArguments.html","885","3","885","69"
"Inclusion of functionality from an untrusted source","Including functionality from an untrusted source may allow an attacker to control the functionality and execute arbitrary code.","warning","Script loaded from content delivery network with no integrity check.","/docs/modules/result.html","892","3","892","69"
"Inclusion of functionality from an untrusted source","Including functionality from an untrusted source may allow an attacker to control the functionality and execute arbitrary code.","warning","Script loaded from content delivery network with no integrity check.","/docs/modules/sample.html","897","3","897","69"
"Inclusion of functionality from an untrusted source","Including functionality from an untrusted source may allow an attacker to control the functionality and execute arbitrary code.","warning","Script loaded from content delivery network with no integrity check.","/docs/modules/shuffle.html","876","3","876","69"
"Inclusion of functionality from an untrusted source","Including functionality from an untrusted source may allow an attacker to control the functionality and execute arbitrary code.","warning","Script loaded from content delivery network with no integrity check.","/docs/modules/size.html","878","3","878","69"
"Inclusion of functionality from an untrusted source","Including functionality from an untrusted source may allow an attacker to control the functionality and execute arbitrary code.","warning","Script loaded from content delivery network with no integrity check.","/docs/modules/some.html","885","3","885","69"
"Inclusion of functionality from an untrusted source","Including functionality from an untrusted source may allow an attacker to control the functionality and execute arbitrary code.","warning","Script loaded from content delivery network with no integrity check.","/docs/modules/sortBy.html","894","3","894","69"
"Inclusion of functionality from an untrusted source","Including functionality from an untrusted source may allow an attacker to control the functionality and execute arbitrary code.","warning","Script loaded from content delivery network with no integrity check.","/docs/modules/sortedIndex.html","885","3","885","69"
"Inclusion of functionality from an untrusted source","Including functionality from an untrusted source may allow an attacker to control the functionality and execute arbitrary code.","warning","Script loaded from content delivery network with no integrity check.","/docs/modules/tap.html","865","3","865","69"
"Inclusion of functionality from an untrusted source","Including functionality from an untrusted source may allow an attacker to control the functionality and execute arbitrary code.","warning","Script loaded from content delivery network with no integrity check.","/docs/modules/template.html","1040","3","1040","69"
"Inclusion of functionality from an untrusted source","Including functionality from an untrusted source may allow an attacker to control the functionality and execute arbitrary code.","warning","Script loaded from content delivery network with no integrity check.","/docs/modules/templateSettings.html","879","3","879","69"
"Inclusion of functionality from an untrusted source","Including functionality from an untrusted source may allow an attacker to control the functionality and execute arbitrary code.","warning","Script loaded from content delivery network with no integrity check.","/docs/modules/throttle.html","917","3","917","69"
"Inclusion of functionality from an untrusted source","Including functionality from an untrusted source may allow an attacker to control the functionality and execute arbitrary code.","warning","Script loaded from content delivery network with no integrity check.","/docs/modules/times.html","879","3","879","69"
"Inclusion of functionality from an untrusted source","Including functionality from an untrusted source may allow an attacker to control the functionality and execute arbitrary code.","warning","Script loaded from content delivery network with no integrity check.","/docs/modules/toArray.html","903","3","903","69"
"Inclusion of functionality from an untrusted source","Including functionality from an untrusted source may allow an attacker to control the functionality and execute arbitrary code.","warning","Script loaded from content delivery network with no integrity check.","/docs/modules/toPath.html","879","3","879","69"
"Inclusion of functionality from an untrusted source","Including functionality from an untrusted source may allow an attacker to control the functionality and execute arbitrary code.","warning","Script loaded from content delivery network with no integrity check.","/docs/modules/underscore-array-methods.html","913","3","913","69"
"Inclusion of functionality from an untrusted source","Including functionality from an untrusted source may allow an attacker to control the functionality and execute arbitrary code.","warning","Script loaded from content delivery network with no integrity check.","/docs/modules/underscore.html","919","3","919","69"
"Inclusion of functionality from an untrusted source","Including functionality from an untrusted source may allow an attacker to control the functionality and execute arbitrary code.","warning","Script loaded from content delivery network with no integrity check.","/docs/modules/unescape.html","875","3","875","69"
"Inclusion of functionality from an untrusted source","Including functionality from an untrusted source may allow an attacker to control the functionality and execute arbitrary code.","warning","Script loaded from content delivery network with no integrity check.","/docs/modules/union.html","879","3","879","69"
"Inclusion of functionality from an untrusted source","Including functionality from an untrusted source may allow an attacker to control the functionality and execute arbitrary code.","warning","Script loaded from content delivery network with no integrity check.","/docs/modules/uniq.html","906","3","906","69"
"Inclusion of functionality from an untrusted source","Including functionality from an untrusted source may allow an attacker to control the functionality and execute arbitrary code.","warning","Script loaded from content delivery network with no integrity check.","/docs/modules/uniqueId.html","865","3","865","69"
"Inclusion of functionality from an untrusted source","Including functionality from an untrusted source may allow an attacker to control the functionality and execute arbitrary code.","warning","Script loaded from content delivery network with no integrity check.","/docs/modules/unzip.html","885","3","885","69"
"Inclusion of functionality from an untrusted source","Including functionality from an untrusted source may allow an attacker to control the functionality and execute arbitrary code.","warning","Script loaded from content delivery network with no integrity check.","/docs/modules/values.html","882","3","882","69"
"Inclusion of functionality from an untrusted source","Including functionality from an untrusted source may allow an attacker to control the functionality and execute arbitrary code.","warning","Script loaded from content delivery network with no integrity check.","/docs/modules/where.html","878","3","878","69"
"Inclusion of functionality from an untrusted source","Including functionality from an untrusted source may allow an attacker to control the functionality and execute arbitrary code.","warning","Script loaded from content delivery network with no integrity check.","/docs/modules/without.html","877","3","877","69"
"Inclusion of functionality from an untrusted source","Including functionality from an untrusted source may allow an attacker to control the functionality and execute arbitrary code.","warning","Script loaded from content delivery network with no integrity check.","/docs/modules/wrap.html","878","3","878","69"
"Inclusion of functionality from an untrusted source","Including functionality from an untrusted source may allow an attacker to control the functionality and execute arbitrary code.","warning","Script loaded from content delivery network with no integrity check.","/docs/modules/zip.html","876","3","876","69"
"DOM text reinterpreted as HTML","Reinterpreting text from the DOM as HTML can lead to a cross-site scripting vulnerability.","warning","[[""DOM text""|""relative:///docs/modules/_baseCreate.html:930:20:930:33""]] is reinterpreted as HTML without escaping meta-characters.","/docs/modules/_baseCreate.html","936","11","936","74"
"DOM text reinterpreted as HTML","Reinterpreting text from the DOM as HTML can lead to a cross-site scripting vulnerability.","warning","[[""DOM text""|""relative:///docs/modules/_baseIteratee.html:917:20:917:33""]] is reinterpreted as HTML without escaping meta-characters.","/docs/modules/_baseIteratee.html","923","11","923","74"
"DOM text reinterpreted as HTML","Reinterpreting text from the DOM as HTML can lead to a cross-site scripting vulnerability.","warning","[[""DOM text""|""relative:///docs/modules/_cb.html:910:20:910:33""]] is reinterpreted as HTML without escaping meta-characters.","/docs/modules/_cb.html","916","11","916","74"
"DOM text reinterpreted as HTML","Reinterpreting text from the DOM as HTML can lead to a cross-site scripting vulnerability.","warning","[[""DOM text""|""relative:///docs/modules/_chainResult.html:906:20:906:33""]] is reinterpreted as HTML without escaping meta-characters.","/docs/modules/_chainResult.html","912","11","912","74"
"DOM text reinterpreted as HTML","Reinterpreting text from the DOM as HTML can lead to a cross-site scripting vulnerability.","warning","[[""DOM text""|""relative:///docs/modules/_collectNonEnumProps.html:964:20:964:33""]] is reinterpreted as HTML without escaping meta-characters.","/docs/modules/_collectNonEnumProps.html","970","11","970","74"
"DOM text reinterpreted as HTML","Reinterpreting text from the DOM as HTML can lead to a cross-site scripting vulnerability.","warning","[[""DOM text""|""relative:///docs/modules/_createAssigner.html:906:20:906:33""]] is reinterpreted as HTML without escaping meta-characters.","/docs/modules/_createAssigner.html","912","11","912","74"
"DOM text reinterpreted as HTML","Reinterpreting text from the DOM as HTML can lead to a cross-site scripting vulnerability.","warning","[[""DOM text""|""relative:///docs/modules/_createEscaper.html:930:20:930:33""]] is reinterpreted as HTML without escaping meta-characters.","/docs/modules/_createEscaper.html","936","11","936","74"
"DOM text reinterpreted as HTML","Reinterpreting text from the DOM as HTML can lead to a cross-site scripting vulnerability.","warning","[[""DOM text""|""relative:///docs/modules/_createIndexFinder.html:928:20:928:33""]] is reinterpreted as HTML without escaping meta-characters.","/docs/modules/_createIndexFinder.html","934","11","934","74"
"DOM text reinterpreted as HTML","Reinterpreting text from the DOM as HTML can lead to a cross-site scripting vulnerability.","warning","[[""DOM text""|""relative:///docs/modules/_createPredicateIndexFinder.html:915:20:915:33""]] is reinterpreted as HTML without escaping meta-characters.","/docs/modules/_createPredicateIndexFinder.html","921","11","921","74"
"DOM text reinterpreted as HTML","Reinterpreting text from the DOM as HTML can lead to a cross-site scripting vulnerability.","warning","[[""DOM text""|""relative:///docs/modules/_createReduce.html:941:20:941:33""]] is reinterpreted as HTML without escaping meta-characters.","/docs/modules/_createReduce.html","947","11","947","74"
"DOM text reinterpreted as HTML","Reinterpreting text from the DOM as HTML can lead to a cross-site scripting vulnerability.","warning","[[""DOM text""|""relative:///docs/modules/_createSizePropertyCheck.html:909:20:909:33""]] is reinterpreted as HTML without escaping meta-characters.","/docs/modules/_createSizePropertyCheck.html","915","11","915","74"
"DOM text reinterpreted as HTML","Reinterpreting text from the DOM as HTML can lead to a cross-site scripting vulnerability.","warning","[[""DOM text""|""relative:///docs/modules/_deepGet.html:897:20:897:33""]] is reinterpreted as HTML without escaping meta-characters.","/docs/modules/_deepGet.html","903","11","903","74"
"DOM text reinterpreted as HTML","Reinterpreting text from the DOM as HTML can lead to a cross-site scripting vulnerability.","warning","[[""DOM text""|""relative:///docs/modules/_escapeMap.html:897:20:897:33""]] is reinterpreted as HTML without escaping meta-characters.","/docs/modules/_escapeMap.html","903","11","903","74"
"DOM text reinterpreted as HTML","Reinterpreting text from the DOM as HTML can lead to a cross-site scripting vulnerability.","warning","[[""DOM text""|""relative:///docs/modules/_executeBound.html:913:20:913:33""]] is reinterpreted as HTML without escaping meta-characters.","/docs/modules/_executeBound.html","919","11","919","74"
"DOM text reinterpreted as HTML","Reinterpreting text from the DOM as HTML can lead to a cross-site scripting vulnerability.","warning","[[""DOM text""|""relative:///docs/modules/_flatten.html:944:20:944:33""]] is reinterpreted as HTML without escaping meta-characters.","/docs/modules/_flatten.html","950","11","950","74"
"DOM text reinterpreted as HTML","Reinterpreting text from the DOM as HTML can lead to a cross-site scripting vulnerability.","warning","[[""DOM text""|""relative:///docs/modules/_getByteLength.html:904:20:904:33""]] is reinterpreted as HTML without escaping meta-characters.","/docs/modules/_getByteLength.html","910","11","910","74"
"DOM text reinterpreted as HTML","Reinterpreting text from the DOM as HTML can lead to a cross-site scripting vulnerability.","warning","[[""DOM text""|""relative:///docs/modules/_getLength.html:904:20:904:33""]] is reinterpreted as HTML without escaping meta-characters.","/docs/modules/_getLength.html","910","11","910","74"
"DOM text reinterpreted as HTML","Reinterpreting text from the DOM as HTML can lead to a cross-site scripting vulnerability.","warning","[[""DOM text""|""relative:///docs/modules/_group.html:915:20:915:33""]] is reinterpreted as HTML without escaping meta-characters.","/docs/modules/_group.html","921","11","921","74"
"DOM text reinterpreted as HTML","Reinterpreting text from the DOM as HTML can lead to a cross-site scripting vulnerability.","warning","[[""DOM text""|""relative:///docs/modules/_has.html:906:20:906:33""]] is reinterpreted as HTML without escaping meta-characters.","/docs/modules/_has.html","912","11","912","74"
"DOM text reinterpreted as HTML","Reinterpreting text from the DOM as HTML can lead to a cross-site scripting vulnerability.","warning","[[""DOM text""|""relative:///docs/modules/_hasObjectTag.html:891:20:891:33""]] is reinterpreted as HTML without escaping meta-characters.","/docs/modules/_hasObjectTag.html","897","11","897","74"
"DOM text reinterpreted as HTML","Reinterpreting text from the DOM as HTML can lead to a cross-site scripting vulnerability.","warning","[[""DOM text""|""relative:///docs/modules/_isArrayLike.html:908:20:908:33""]] is reinterpreted as HTML without escaping meta-characters.","/docs/modules/_isArrayLike.html","914","11","914","74"
"DOM text reinterpreted as HTML","Reinterpreting text from the DOM as HTML can lead to a cross-site scripting vulnerability.","warning","[[""DOM text""|""relative:///docs/modules/_isBufferLike.html:906:20:906:33""]] is reinterpreted as HTML without escaping meta-characters.","/docs/modules/_isBufferLike.html","912","11","912","74"
"DOM text reinterpreted as HTML","Reinterpreting text from the DOM as HTML can lead to a cross-site scripting vulnerability.","warning","[[""DOM text""|""relative:///docs/modules/_keyInObj.html:893:20:893:33""]] is reinterpreted as HTML without escaping meta-characters.","/docs/modules/_keyInObj.html","899","11","899","74"
"DOM text reinterpreted as HTML","Reinterpreting text from the DOM as HTML can lead to a cross-site scripting vulnerability.","warning","[[""DOM text""|""relative:///docs/modules/_methodFingerprint.html:987:20:987:33""]] is reinterpreted as HTML without escaping meta-characters.","/docs/modules/_methodFingerprint.html","993","11","993","74"
"DOM text reinterpreted as HTML","Reinterpreting text from the DOM as HTML can lead to a cross-site scripting vulnerability.","warning","[[""DOM text""|""relative:///docs/modules/_optimizeCb.html:922:20:922:33""]] is reinterpreted as HTML without escaping meta-characters.","/docs/modules/_optimizeCb.html","928","11","928","74"
"DOM text reinterpreted as HTML","Reinterpreting text from the DOM as HTML can lead to a cross-site scripting vulnerability.","warning","[[""DOM text""|""relative:///docs/modules/_setup.html:1027:20:1027:33""]] is reinterpreted as HTML without escaping meta-characters.","/docs/modules/_setup.html","1033","11","1033","74"
"DOM text reinterpreted as HTML","Reinterpreting text from the DOM as HTML can lead to a cross-site scripting vulnerability.","warning","[[""DOM text""|""relative:///docs/modules/_shallowProperty.html:894:20:894:33""]] is reinterpreted as HTML without escaping meta-characters.","/docs/modules/_shallowProperty.html","900","11","900","74"
"DOM text reinterpreted as HTML","Reinterpreting text from the DOM as HTML can lead to a cross-site scripting vulnerability.","warning","[[""DOM text""|""relative:///docs/modules/_stringTagBug.html:910:20:910:33""]] is reinterpreted as HTML without escaping meta-characters.","/docs/modules/_stringTagBug.html","916","11","916","74"
"DOM text reinterpreted as HTML","Reinterpreting text from the DOM as HTML can lead to a cross-site scripting vulnerability.","warning","[[""DOM text""|""relative:///docs/modules/_tagTester.html:909:20:909:33""]] is reinterpreted as HTML without escaping meta-characters.","/docs/modules/_tagTester.html","915","11","915","74"
"DOM text reinterpreted as HTML","Reinterpreting text from the DOM as HTML can lead to a cross-site scripting vulnerability.","warning","[[""DOM text""|""relative:///docs/modules/_toBufferView.html:911:20:911:33""]] is reinterpreted as HTML without escaping meta-characters.","/docs/modules/_toBufferView.html","917","11","917","74"
"DOM text reinterpreted as HTML","Reinterpreting text from the DOM as HTML can lead to a cross-site scripting vulnerability.","warning","[[""DOM text""|""relative:///docs/modules/_toPath.html:908:20:908:33""]] is reinterpreted as HTML without escaping meta-characters.","/docs/modules/_toPath.html","914","11","914","74"
"DOM text reinterpreted as HTML","Reinterpreting text from the DOM as HTML can lead to a cross-site scripting vulnerability.","warning","[[""DOM text""|""relative:///docs/modules/_unescapeMap.html:905:20:905:33""]] is reinterpreted as HTML without escaping meta-characters.","/docs/modules/_unescapeMap.html","911","11","911","74"
"DOM text reinterpreted as HTML","Reinterpreting text from the DOM as HTML can lead to a cross-site scripting vulnerability.","warning","[[""DOM text""|""relative:///docs/modules/after.html:896:20:896:33""]] is reinterpreted as HTML without escaping meta-characters.","/docs/modules/after.html","902","11","902","74"
"DOM text reinterpreted as HTML","Reinterpreting text from the DOM as HTML can lead to a cross-site scripting vulnerability.","warning","[[""DOM text""|""relative:///docs/modules/allKeys.html:926:20:926:33""]] is reinterpreted as HTML without escaping meta-characters.","/docs/modules/allKeys.html","932","11","932","74"
"DOM text reinterpreted as HTML","Reinterpreting text from the DOM as HTML can lead to a cross-site scripting vulnerability.","warning","[[""DOM text""|""relative:///docs/modules/before.html:900:20:900:33""]] is reinterpreted as HTML without escaping meta-characters.","/docs/modules/before.html","906","11","906","74"
"DOM text reinterpreted as HTML","Reinterpreting text from the DOM as HTML can lead to a cross-site scripting vulnerability.","warning","[[""DOM text""|""relative:///docs/modules/bind.html:913:20:913:33""]] is reinterpreted as HTML without escaping meta-characters.","/docs/modules/bind.html","919","11","919","74"
"DOM text reinterpreted as HTML","Reinterpreting text from the DOM as HTML can lead to a cross-site scripting vulnerability.","warning","[[""DOM text""|""relative:///docs/modules/bindAll.html:917:20:917:33""]] is reinterpreted as HTML without escaping meta-characters.","/docs/modules/bindAll.html","923","11","923","74"
"DOM text reinterpreted as HTML","Reinterpreting text from the DOM as HTML can lead to a cross-site scripting vulnerability.","warning","[[""DOM text""|""relative:///docs/modules/chain.html:908:20:908:33""]] is reinterpreted as HTML without escaping meta-characters.","/docs/modules/chain.html","914","11","914","74"
"DOM text reinterpreted as HTML","Reinterpreting text from the DOM as HTML can lead to a cross-site scripting vulnerability.","warning","[[""DOM text""|""relative:///docs/modules/chunk.html:913:20:913:33""]] is reinterpreted as HTML without escaping meta-characters.","/docs/modules/chunk.html","919","11","919","74"
"DOM text reinterpreted as HTML","Reinterpreting text from the DOM as HTML can lead to a cross-site scripting vulnerability.","warning","[[""DOM text""|""relative:///docs/modules/clone.html:909:20:909:33""]] is reinterpreted as HTML without escaping meta-characters.","/docs/modules/clone.html","915","11","915","74"
"DOM text reinterpreted as HTML","Reinterpreting text from the DOM as HTML can lead to a cross-site scripting vulnerability.","warning","[[""DOM text""|""relative:///docs/modules/compact.html:906:20:906:33""]] is reinterpreted as HTML without escaping meta-characters.","/docs/modules/compact.html","912","11","912","74"
"DOM text reinterpreted as HTML","Reinterpreting text from the DOM as HTML can lead to a cross-site scripting vulnerability.","warning","[[""DOM text""|""relative:///docs/modules/compose.html:900:20:900:33""]] is reinterpreted as HTML without escaping meta-characters.","/docs/modules/compose.html","906","11","906","74"
"DOM text reinterpreted as HTML","Reinterpreting text from the DOM as HTML can lead to a cross-site scripting vulnerability.","warning","[[""DOM text""|""relative:///docs/modules/constant.html:894:20:894:33""]] is reinterpreted as HTML without escaping meta-characters.","/docs/modules/constant.html","900","11","900","74"
"DOM text reinterpreted as HTML","Reinterpreting text from the DOM as HTML can lead to a cross-site scripting vulnerability.","warning","[[""DOM text""|""relative:///docs/modules/contains.html:910:20:910:33""]] is reinterpreted as HTML without escaping meta-characters.","/docs/modules/contains.html","916","11","916","74"
"DOM text reinterpreted as HTML","Reinterpreting text from the DOM as HTML can lead to a cross-site scripting vulnerability.","warning","[[""DOM text""|""relative:///docs/modules/countBy.html:909:20:909:33""]] is reinterpreted as HTML without escaping meta-characters.","/docs/modules/countBy.html","915","11","915","74"
"DOM text reinterpreted as HTML","Reinterpreting text from the DOM as HTML can lead to a cross-site scripting vulnerability.","warning","[[""DOM text""|""relative:///docs/modules/create.html:911:20:911:33""]] is reinterpreted as HTML without escaping meta-characters.","/docs/modules/create.html","917","11","917","74"
"DOM text reinterpreted as HTML","Reinterpreting text from the DOM as HTML can lead to a cross-site scripting vulnerability.","warning","[[""DOM text""|""relative:///docs/modules/debounce.html:935:20:935:33""]] is reinterpreted as HTML without escaping meta-characters.","/docs/modules/debounce.html","941","11","941","74"
"DOM text reinterpreted as HTML","Reinterpreting text from the DOM as HTML can lead to a cross-site scripting vulnerability.","warning","[[""DOM text""|""relative:///docs/modules/defaults.html:905:20:905:33""]] is reinterpreted as HTML without escaping meta-characters.","/docs/modules/defaults.html","911","11","911","74"
"DOM text reinterpreted as HTML","Reinterpreting text from the DOM as HTML can lead to a cross-site scripting vulnerability.","warning","[[""DOM text""|""relative:///docs/modules/defer.html:907:20:907:33""]] is reinterpreted as HTML without escaping meta-characters.","/docs/modules/defer.html","913","11","913","74"
"DOM text reinterpreted as HTML","Reinterpreting text from the DOM as HTML can lead to a cross-site scripting vulnerability.","warning","[[""DOM text""|""relative:///docs/modules/delay.html:909:20:909:33""]] is reinterpreted as HTML without escaping meta-characters.","/docs/modules/delay.html","915","11","915","74"
"DOM text reinterpreted as HTML","Reinterpreting text from the DOM as HTML can lead to a cross-site scripting vulnerability.","warning","[[""DOM text""|""relative:///docs/modules/difference.html:913:20:913:33""]] is reinterpreted as HTML without escaping meta-characters.","/docs/modules/difference.html","919","11","919","74"
"DOM text reinterpreted as HTML","Reinterpreting text from the DOM as HTML can lead to a cross-site scripting vulnerability.","warning","[[""DOM text""|""relative:///docs/modules/each.html:923:20:923:33""]] is reinterpreted as HTML without escaping meta-characters.","/docs/modules/each.html","929","11","929","74"
"DOM text reinterpreted as HTML","Reinterpreting text from the DOM as HTML can lead to a cross-site scripting vulnerability.","warning","[[""DOM text""|""relative:///docs/modules/escape.html:905:20:905:33""]] is reinterpreted as HTML without escaping meta-characters.","/docs/modules/escape.html","911","11","911","74"
"DOM text reinterpreted as HTML","Reinterpreting text from the DOM as HTML can lead to a cross-site scripting vulnerability.","warning","[[""DOM text""|""relative:///docs/modules/every.html:915:20:915:33""]] is reinterpreted as HTML without escaping meta-characters.","/docs/modules/every.html","921","11","921","74"
"DOM text reinterpreted as HTML","Reinterpreting text from the DOM as HTML can lead to a cross-site scripting vulnerability.","warning","[[""DOM text""|""relative:///docs/modules/extend.html:905:20:905:33""]] is reinterpreted as HTML without escaping meta-characters.","/docs/modules/extend.html","911","11","911","74"
"DOM text reinterpreted as HTML","Reinterpreting text from the DOM as HTML can lead to a cross-site scripting vulnerability.","warning","[[""DOM text""|""relative:///docs/modules/extendOwn.html:907:20:907:33""]] is reinterpreted as HTML without escaping meta-characters.","/docs/modules/extendOwn.html","913","11","913","74"
"DOM text reinterpreted as HTML","Reinterpreting text from the DOM as HTML can lead to a cross-site scripting vulnerability.","warning","[[""DOM text""|""relative:///docs/modules/filter.html:912:20:912:33""]] is reinterpreted as HTML without escaping meta-characters.","/docs/modules/filter.html","918","11","918","74"
"DOM text reinterpreted as HTML","Reinterpreting text from the DOM as HTML can lead to a cross-site scripting vulnerability.","warning","[[""DOM text""|""relative:///docs/modules/find.html:910:20:910:33""]] is reinterpreted as HTML without escaping meta-characters.","/docs/modules/find.html","916","11","916","74"
"DOM text reinterpreted as HTML","Reinterpreting text from the DOM as HTML can lead to a cross-site scripting vulnerability.","warning","[[""DOM text""|""relative:///docs/modules/findIndex.html:904:20:904:33""]] is reinterpreted as HTML without escaping meta-characters.","/docs/modules/findIndex.html","910","11","910","74"
"DOM text reinterpreted as HTML","Reinterpreting text from the DOM as HTML can lead to a cross-site scripting vulnerability.","warning","[[""DOM text""|""relative:///docs/modules/findKey.html:912:20:912:33""]] is reinterpreted as HTML without escaping meta-characters.","/docs/modules/findKey.html","918","11","918","74"
"DOM text reinterpreted as HTML","Reinterpreting text from the DOM as HTML can lead to a cross-site scripting vulnerability.","warning","[[""DOM text""|""relative:///docs/modules/findLastIndex.html:904:20:904:33""]] is reinterpreted as HTML without escaping meta-characters.","/docs/modules/findLastIndex.html","910","11","910","74"
"DOM text reinterpreted as HTML","Reinterpreting text from the DOM as HTML can lead to a cross-site scripting vulnerability.","warning","[[""DOM text""|""relative:///docs/modules/findWhere.html:908:20:908:33""]] is reinterpreted as HTML without escaping meta-characters.","/docs/modules/findWhere.html","914","11","914","74"
"DOM text reinterpreted as HTML","Reinterpreting text from the DOM as HTML can lead to a cross-site scripting vulnerability.","warning","[[""DOM text""|""relative:///docs/modules/first.html:909:20:909:33""]] is reinterpreted as HTML without escaping meta-characters.","/docs/modules/first.html","915","11","915","74"
"DOM text reinterpreted as HTML","Reinterpreting text from the DOM as HTML can lead to a cross-site scripting vulnerability.","warning","[[""DOM text""|""relative:///docs/modules/flatten.html:907:20:907:33""]] is reinterpreted as HTML without escaping meta-characters.","/docs/modules/flatten.html","913","11","913","74"
"DOM text reinterpreted as HTML","Reinterpreting text from the DOM as HTML can lead to a cross-site scripting vulnerability.","warning","[[""DOM text""|""relative:///docs/modules/functions.html:910:20:910:33""]] is reinterpreted as HTML without escaping meta-characters.","/docs/modules/functions.html","916","11","916","74"
"DOM text reinterpreted as HTML","Reinterpreting text from the DOM as HTML can lead to a cross-site scripting vulnerability.","warning","[[""DOM text""|""relative:///docs/modules/get.html:912:20:912:33""]] is reinterpreted as HTML without escaping meta-characters.","/docs/modules/get.html","918","11","918","74"
"DOM text reinterpreted as HTML","Reinterpreting text from the DOM as HTML can lead to a cross-site scripting vulnerability.","warning","[[""DOM text""|""relative:///docs/modules/groupBy.html:908:20:908:33""]] is reinterpreted as HTML without escaping meta-characters.","/docs/modules/groupBy.html","914","11","914","74"
"DOM text reinterpreted as HTML","Reinterpreting text from the DOM as HTML can lead to a cross-site scripting vulnerability.","warning","[[""DOM text""|""relative:///docs/modules/has.html:916:20:916:33""]] is reinterpreted as HTML without escaping meta-characters.","/docs/modules/has.html","922","11","922","74"
"DOM text reinterpreted as HTML","Reinterpreting text from the DOM as HTML can lead to a cross-site scripting vulnerability.","warning","[[""DOM text""|""relative:///docs/modules/identity.html:892:20:892:33""]] is reinterpreted as HTML without escaping meta-characters.","/docs/modules/identity.html","898","11","898","74"
"DOM text reinterpreted as HTML","Reinterpreting text from the DOM as HTML can lead to a cross-site scripting vulnerability.","warning","[[""DOM text""|""relative:///docs/modules/index-all.html:907:20:907:33""]] is reinterpreted as HTML without escaping meta-characters.","/docs/modules/index-all.html","913","11","913","74"
"DOM text reinterpreted as HTML","Reinterpreting text from the DOM as HTML can lead to a cross-site scripting vulnerability.","warning","[[""DOM text""|""relative:///docs/modules/index-default.html:955:20:955:33""]] is reinterpreted as HTML without escaping meta-characters.","/docs/modules/index-default.html","961","11","961","74"
"DOM text reinterpreted as HTML","Reinterpreting text from the DOM as HTML can lead to a cross-site scripting vulnerability.","warning","[[""DOM text""|""relative:///docs/modules/index.html:1310:20:1310:33""]] is reinterpreted as HTML without escaping meta-characters.","/docs/modules/index.html","1316","11","1316","74"
"DOM text reinterpreted as HTML","Reinterpreting text from the DOM as HTML can lead to a cross-site scripting vulnerability.","warning","[[""DOM text""|""relative:///docs/modules/indexBy.html:907:20:907:33""]] is reinterpreted as HTML without escaping meta-characters.","/docs/modules/indexBy.html","913","11","913","74"
"DOM text reinterpreted as HTML","Reinterpreting text from the DOM as HTML can lead to a cross-site scripting vulnerability.","warning","[[""DOM text""|""relative:///docs/modules/indexOf.html:909:20:909:33""]] is reinterpreted as HTML without escaping meta-characters.","/docs/modules/indexOf.html","915","11","915","74"
"DOM text reinterpreted as HTML","Reinterpreting text from the DOM as HTML can lead to a cross-site scripting vulnerability.","warning","[[""DOM text""|""relative:///docs/modules/initial.html:908:20:908:33""]] is reinterpreted as HTML without escaping meta-characters.","/docs/modules/initial.html","914","11","914","74"
"DOM text reinterpreted as HTML","Reinterpreting text from the DOM as HTML can lead to a cross-site scripting vulnerability.","warning","[[""DOM text""|""relative:///docs/modules/intersection.html:919:20:919:33""]] is reinterpreted as HTML without escaping meta-characters.","/docs/modules/intersection.html","925","11","925","74"
"DOM text reinterpreted as HTML","Reinterpreting text from the DOM as HTML can lead to a cross-site scripting vulnerability.","warning","[[""DOM text""|""relative:///docs/modules/invert.html:911:20:911:33""]] is reinterpreted as HTML without escaping meta-characters.","/docs/modules/invert.html","917","11","917","74"
"DOM text reinterpreted as HTML","Reinterpreting text from the DOM as HTML can lead to a cross-site scripting vulnerability.","warning","[[""DOM text""|""relative:///docs/modules/invoke.html:928:20:928:33""]] is reinterpreted as HTML without escaping meta-characters.","/docs/modules/invoke.html","934","11","934","74"
"DOM text reinterpreted as HTML","Reinterpreting text from the DOM as HTML can lead to a cross-site scripting vulnerability.","warning","[[""DOM text""|""relative:///docs/modules/isArguments.html:916:20:916:33""]] is reinterpreted as HTML without escaping meta-characters.","/docs/modules/isArguments.html","922","11","922","74"
"DOM text reinterpreted as HTML","Reinterpreting text from the DOM as HTML can lead to a cross-site scripting vulnerability.","warning","[[""DOM text""|""relative:///docs/modules/isArray.html:906:20:906:33""]] is reinterpreted as HTML without escaping meta-characters.","/docs/modules/isArray.html","912","11","912","74"
"DOM text reinterpreted as HTML","Reinterpreting text from the DOM as HTML can lead to a cross-site scripting vulnerability.","warning","[[""DOM text""|""relative:///docs/modules/isArrayBuffer.html:891:20:891:33""]] is reinterpreted as HTML without escaping meta-characters.","/docs/modules/isArrayBuffer.html","897","11","897","74"
"DOM text reinterpreted as HTML","Reinterpreting text from the DOM as HTML can lead to a cross-site scripting vulnerability.","warning","[[""DOM text""|""relative:///docs/modules/isBoolean.html:906:20:906:33""]] is reinterpreted as HTML without escaping meta-characters.","/docs/modules/isBoolean.html","912","11","912","74"
"DOM text reinterpreted as HTML","Reinterpreting text from the DOM as HTML can lead to a cross-site scripting vulnerability.","warning","[[""DOM text""|""relative:///docs/modules/isDataView.html:914:20:914:33""]] is reinterpreted as HTML without escaping meta-characters.","/docs/modules/isDataView.html","920","11","920","74"
"DOM text reinterpreted as HTML","Reinterpreting text from the DOM as HTML can lead to a cross-site scripting vulnerability.","warning","[[""DOM text""|""relative:///docs/modules/isDate.html:891:20:891:33""]] is reinterpreted as HTML without escaping meta-characters.","/docs/modules/isDate.html","897","11","897","74"
"DOM text reinterpreted as HTML","Reinterpreting text from the DOM as HTML can lead to a cross-site scripting vulnerability.","warning","[[""DOM text""|""relative:///docs/modules/isElement.html:892:20:892:33""]] is reinterpreted as HTML without escaping meta-characters.","/docs/modules/isElement.html","898","11","898","74"
"DOM text reinterpreted as HTML","Reinterpreting text from the DOM as HTML can lead to a cross-site scripting vulnerability.","warning","[[""DOM text""|""relative:///docs/modules/isEmpty.html:931:20:931:33""]] is reinterpreted as HTML without escaping meta-characters.","/docs/modules/isEmpty.html","937","11","937","74"
"DOM text reinterpreted as HTML","Reinterpreting text from the DOM as HTML can lead to a cross-site scripting vulnerability.","warning","[[""DOM text""|""relative:///docs/modules/isEqual.html:1407:20:1407:33""]] is reinterpreted as HTML without escaping meta-characters.","/docs/modules/isEqual.html","1413","11","1413","74"
"DOM text reinterpreted as HTML","Reinterpreting text from the DOM as HTML can lead to a cross-site scripting vulnerability.","warning","[[""DOM text""|""relative:///docs/modules/isError.html:891:20:891:33""]] is reinterpreted as HTML without escaping meta-characters.","/docs/modules/isError.html","897","11","897","74"
"DOM text reinterpreted as HTML","Reinterpreting text from the DOM as HTML can lead to a cross-site scripting vulnerability.","warning","[[""DOM text""|""relative:///docs/modules/isFinite.html:907:20:907:33""]] is reinterpreted as HTML without escaping meta-characters.","/docs/modules/isFinite.html","913","11","913","74"
"DOM text reinterpreted as HTML","Reinterpreting text from the DOM as HTML can lead to a cross-site scripting vulnerability.","warning","[[""DOM text""|""relative:///docs/modules/isFunction.html:915:20:915:33""]] is reinterpreted as HTML without escaping meta-characters.","/docs/modules/isFunction.html","921","11","921","74"
"DOM text reinterpreted as HTML","Reinterpreting text from the DOM as HTML can lead to a cross-site scripting vulnerability.","warning","[[""DOM text""|""relative:///docs/modules/isMap.html:893:20:893:33""]] is reinterpreted as HTML without escaping meta-characters.","/docs/modules/isMap.html","899","11","899","74"
"DOM text reinterpreted as HTML","Reinterpreting text from the DOM as HTML can lead to a cross-site scripting vulnerability.","warning","[[""DOM text""|""relative:///docs/modules/isMatch.html:913:20:913:33""]] is reinterpreted as HTML without escaping meta-characters.","/docs/modules/isMatch.html","919","11","919","74"
"DOM text reinterpreted as HTML","Reinterpreting text from the DOM as HTML can lead to a cross-site scripting vulnerability.","warning","[[""DOM text""|""relative:///docs/modules/isNaN.html:907:20:907:33""]] is reinterpreted as HTML without escaping meta-characters.","/docs/modules/isNaN.html","913","11","913","74"
"DOM text reinterpreted as HTML","Reinterpreting text from the DOM as HTML can lead to a cross-site scripting vulnerability.","warning","[[""DOM text""|""relative:///docs/modules/isNull.html:892:20:892:33""]] is reinterpreted as HTML without escaping meta-characters.","/docs/modules/isNull.html","898","11","898","74"
"DOM text reinterpreted as HTML","Reinterpreting text from the DOM as HTML can lead to a cross-site scripting vulnerability.","warning","[[""DOM text""|""relative:///docs/modules/isNumber.html:891:20:891:33""]] is reinterpreted as HTML without escaping meta-characters.","/docs/modules/isNumber.html","897","11","897","74"
"DOM text reinterpreted as HTML","Reinterpreting text from the DOM as HTML can lead to a cross-site scripting vulnerability.","warning","[[""DOM text""|""relative:///docs/modules/isObject.html:893:20:893:33""]] is reinterpreted as HTML without escaping meta-characters.","/docs/modules/isObject.html","899","11","899","74"
"DOM text reinterpreted as HTML","Reinterpreting text from the DOM as HTML can lead to a cross-site scripting vulnerability.","warning","[[""DOM text""|""relative:///docs/modules/isRegExp.html:891:20:891:33""]] is reinterpreted as HTML without escaping meta-characters.","/docs/modules/isRegExp.html","897","11","897","74"
"DOM text reinterpreted as HTML","Reinterpreting text from the DOM as HTML can lead to a cross-site scripting vulnerability.","warning","[[""DOM text""|""relative:///docs/modules/isSet.html:893:20:893:33""]] is reinterpreted as HTML without escaping meta-characters.","/docs/modules/isSet.html","899","11","899","74"
"DOM text reinterpreted as HTML","Reinterpreting text from the DOM as HTML can lead to a cross-site scripting vulnerability.","warning","[[""DOM text""|""relative:///docs/modules/isString.html:891:20:891:33""]] is reinterpreted as HTML without escaping meta-characters.","/docs/modules/isString.html","897","11","897","74"
"DOM text reinterpreted as HTML","Reinterpreting text from the DOM as HTML can lead to a cross-site scripting vulnerability.","warning","[[""DOM text""|""relative:///docs/modules/isSymbol.html:891:20:891:33""]] is reinterpreted as HTML without escaping meta-characters.","/docs/modules/isSymbol.html","897","11","897","74"
"DOM text reinterpreted as HTML","Reinterpreting text from the DOM as HTML can lead to a cross-site scripting vulnerability.","warning","[[""DOM text""|""relative:///docs/modules/isTypedArray.html:928:20:928:33""]] is reinterpreted as HTML without escaping meta-characters.","/docs/modules/isTypedArray.html","934","11","934","74"
"DOM text reinterpreted as HTML","Reinterpreting text from the DOM as HTML can lead to a cross-site scripting vulnerability.","warning","[[""DOM text""|""relative:///docs/modules/isUndefined.html:892:20:892:33""]] is reinterpreted as HTML without escaping meta-characters.","/docs/modules/isUndefined.html","898","11","898","74"
"DOM text reinterpreted as HTML","Reinterpreting text from the DOM as HTML can lead to a cross-site scripting vulnerability.","warning","[[""DOM text""|""relative:///docs/modules/isWeakMap.html:893:20:893:33""]] is reinterpreted as HTML without escaping meta-characters.","/docs/modules/isWeakMap.html","899","11","899","74"
"DOM text reinterpreted as HTML","Reinterpreting text from the DOM as HTML can lead to a cross-site scripting vulnerability.","warning","[[""DOM text""|""relative:///docs/modules/isWeakSet.html:891:20:891:33""]] is reinterpreted as HTML without escaping meta-characters.","/docs/modules/isWeakSet.html","897","11","897","74"
"DOM text reinterpreted as HTML","Reinterpreting text from the DOM as HTML can lead to a cross-site scripting vulnerability.","warning","[[""DOM text""|""relative:///docs/modules/iteratee.html:910:20:910:33""]] is reinterpreted as HTML without escaping meta-characters.","/docs/modules/iteratee.html","916","11","916","74"
"DOM text reinterpreted as HTML","Reinterpreting text from the DOM as HTML can lead to a cross-site scripting vulnerability.","warning","[[""DOM text""|""relative:///docs/modules/keys.html:929:20:929:33""]] is reinterpreted as HTML without escaping meta-characters.","/docs/modules/keys.html","935","11","935","74"
"DOM text reinterpreted as HTML","Reinterpreting text from the DOM as HTML can lead to a cross-site scripting vulnerability.","warning","[[""DOM text""|""relative:///docs/modules/last.html:909:20:909:33""]] is reinterpreted as HTML without escaping meta-characters.","/docs/modules/last.html","915","11","915","74"
"DOM text reinterpreted as HTML","Reinterpreting text from the DOM as HTML can lead to a cross-site scripting vulnerability.","warning","[[""DOM text""|""relative:///docs/modules/lastIndexOf.html:906:20:906:33""]] is reinterpreted as HTML without escaping meta-characters.","/docs/modules/lastIndexOf.html","912","11","912","74"
"DOM text reinterpreted as HTML","Reinterpreting text from the DOM as HTML can lead to a cross-site scripting vulnerability.","warning","[[""DOM text""|""relative:///docs/modules/map.html:916:20:916:33""]] is reinterpreted as HTML without escaping meta-characters.","/docs/modules/map.html","922","11","922","74"
"DOM text reinterpreted as HTML","Reinterpreting text from the DOM as HTML can lead to a cross-site scripting vulnerability.","warning","[[""DOM text""|""relative:///docs/modules/mapObject.html:916:20:916:33""]] is reinterpreted as HTML without escaping meta-characters.","/docs/modules/mapObject.html","922","11","922","74"
"DOM text reinterpreted as HTML","Reinterpreting text from the DOM as HTML can lead to a cross-site scripting vulnerability.","warning","[[""DOM text""|""relative:///docs/modules/matcher.html:911:20:911:33""]] is reinterpreted as HTML without escaping meta-characters.","/docs/modules/matcher.html","917","11","917","74"
"DOM text reinterpreted as HTML","Reinterpreting text from the DOM as HTML can lead to a cross-site scripting vulnerability.","warning","[[""DOM text""|""relative:///docs/modules/max.html:929:20:929:33""]] is reinterpreted as HTML without escaping meta-characters.","/docs/modules/max.html","935","11","935","74"
"DOM text reinterpreted as HTML","Reinterpreting text from the DOM as HTML can lead to a cross-site scripting vulnerability.","warning","[[""DOM text""|""relative:///docs/modules/memoize.html:913:20:913:33""]] is reinterpreted as HTML without escaping meta-characters.","/docs/modules/memoize.html","919","11","919","74"
"DOM text reinterpreted as HTML","Reinterpreting text from the DOM as HTML can lead to a cross-site scripting vulnerability.","warning","[[""DOM text""|""relative:///docs/modules/min.html:929:20:929:33""]] is reinterpreted as HTML without escaping meta-characters.","/docs/modules/min.html","935","11","935","74"
"DOM text reinterpreted as HTML","Reinterpreting text from the DOM as HTML can lead to a cross-site scripting vulnerability.","warning","[[""DOM text""|""relative:///docs/modules/mixin.html:918:20:918:33""]] is reinterpreted as HTML without escaping meta-characters.","/docs/modules/mixin.html","924","11","924","74"
"DOM text reinterpreted as HTML","Reinterpreting text from the DOM as HTML can lead to a cross-site scripting vulnerability.","warning","[[""DOM text""|""relative:///docs/modules/negate.html:894:20:894:33""]] is reinterpreted as HTML without escaping meta-characters.","/docs/modules/negate.html","900","11","900","74"
"DOM text reinterpreted as HTML","Reinterpreting text from the DOM as HTML can lead to a cross-site scripting vulnerability.","warning","[[""DOM text""|""relative:///docs/modules/noop.html:890:20:890:33""]] is reinterpreted as HTML without escaping meta-characters.","/docs/modules/noop.html","896","11","896","74"
"DOM text reinterpreted as HTML","Reinterpreting text from the DOM as HTML can lead to a cross-site scripting vulnerability.","warning","[[""DOM text""|""relative:///docs/modules/now.html:892:20:892:33""]] is reinterpreted as HTML without escaping meta-characters.","/docs/modules/now.html","898","11","898","74"
"DOM text reinterpreted as HTML","Reinterpreting text from the DOM as HTML can lead to a cross-site scripting vulnerability.","warning","[[""DOM text""|""relative:///docs/modules/object.html:916:20:916:33""]] is reinterpreted as HTML without escaping meta-characters.","/docs/modules/object.html","922","11","922","74"
"DOM text reinterpreted as HTML","Reinterpreting text from the DOM as HTML can lead to a cross-site scripting vulnerability.","warning","[[""DOM text""|""relative:///docs/modules/omit.html:922:20:922:33""]] is reinterpreted as HTML without escaping meta-characters.","/docs/modules/omit.html","928","11","928","74"
"DOM text reinterpreted as HTML","Reinterpreting text from the DOM as HTML can lead to a cross-site scripting vulnerability.","warning","[[""DOM text""|""relative:///docs/modules/once.html:906:20:906:33""]] is reinterpreted as HTML without escaping meta-characters.","/docs/modules/once.html","912","11","912","74"
"DOM text reinterpreted as HTML","Reinterpreting text from the DOM as HTML can lead to a cross-site scripting vulnerability.","warning","[[""DOM text""|""relative:///docs/modules/pairs.html:913:20:913:33""]] is reinterpreted as HTML without escaping meta-characters.","/docs/modules/pairs.html","919","11","919","74"
"DOM text reinterpreted as HTML","Reinterpreting text from the DOM as HTML can lead to a cross-site scripting vulnerability.","warning","[[""DOM text""|""relative:///docs/modules/partial.html:924:20:924:33""]] is reinterpreted as HTML without escaping meta-characters.","/docs/modules/partial.html","930","11","930","74"
"DOM text reinterpreted as HTML","Reinterpreting text from the DOM as HTML can lead to a cross-site scripting vulnerability.","warning","[[""DOM text""|""relative:///docs/modules/partition.html:907:20:907:33""]] is reinterpreted as HTML without escaping meta-characters.","/docs/modules/partition.html","913","11","913","74"
"DOM text reinterpreted as HTML","Reinterpreting text from the DOM as HTML can lead to a cross-site scripting vulnerability.","warning","[[""DOM text""|""relative:///docs/modules/pick.html:926:20:926:33""]] is reinterpreted as HTML without escaping meta-characters.","/docs/modules/pick.html","932","11","932","74"
"DOM text reinterpreted as HTML","Reinterpreting text from the DOM as HTML can lead to a cross-site scripting vulnerability.","warning","[[""DOM text""|""relative:///docs/modules/pluck.html:907:20:907:33""]] is reinterpreted as HTML without escaping meta-characters.","/docs/modules/pluck.html","913","11","913","74"
"DOM text reinterpreted as HTML","Reinterpreting text from the DOM as HTML can lead to a cross-site scripting vulnerability.","warning","[[""DOM text""|""relative:///docs/modules/property.html:911:20:911:33""]] is reinterpreted as HTML without escaping meta-characters.","/docs/modules/property.html","917","11","917","74"
"DOM text reinterpreted as HTML","Reinterpreting text from the DOM as HTML can lead to a cross-site scripting vulnerability.","warning","[[""DOM text""|""relative:///docs/modules/propertyOf.html:910:20:910:33""]] is reinterpreted as HTML without escaping meta-characters.","/docs/modules/propertyOf.html","916","11","916","74"
"DOM text reinterpreted as HTML","Reinterpreting text from the DOM as HTML can lead to a cross-site scripting vulnerability.","warning","[[""DOM text""|""relative:///docs/modules/random.html:896:20:896:33""]] is reinterpreted as HTML without escaping meta-characters.","/docs/modules/random.html","902","11","902","74"
"DOM text reinterpreted as HTML","Reinterpreting text from the DOM as HTML can lead to a cross-site scripting vulnerability.","warning","[[""DOM text""|""relative:///docs/modules/range.html:909:20:909:33""]] is reinterpreted as HTML without escaping meta-characters.","/docs/modules/range.html","915","11","915","74"
"DOM text reinterpreted as HTML","Reinterpreting text from the DOM as HTML can lead to a cross-site scripting vulnerability.","warning","[[""DOM text""|""relative:///docs/modules/reduce.html:905:20:905:33""]] is reinterpreted as HTML without escaping meta-characters.","/docs/modules/reduce.html","911","11","911","74"
"DOM text reinterpreted as HTML","Reinterpreting text from the DOM as HTML can lead to a cross-site scripting vulnerability.","warning","[[""DOM text""|""relative:///docs/modules/reduceRight.html:904:20:904:33""]] is reinterpreted as HTML without escaping meta-characters.","/docs/modules/reduceRight.html","910","11","910","74"
"DOM text reinterpreted as HTML","Reinterpreting text from the DOM as HTML can lead to a cross-site scripting vulnerability.","warning","[[""DOM text""|""relative:///docs/modules/reject.html:908:20:908:33""]] is reinterpreted as HTML without escaping meta-characters.","/docs/modules/reject.html","914","11","914","74"
"DOM text reinterpreted as HTML","Reinterpreting text from the DOM as HTML can lead to a cross-site scripting vulnerability.","warning","[[""DOM text""|""relative:///docs/modules/rest.html:908:20:908:33""]] is reinterpreted as HTML without escaping meta-characters.","/docs/modules/rest.html","914","11","914","74"
"DOM text reinterpreted as HTML","Reinterpreting text from the DOM as HTML can lead to a cross-site scripting vulnerability.","warning","[[""DOM text""|""relative:///docs/modules/restArguments.html:915:20:915:33""]] is reinterpreted as HTML without escaping meta-characters.","/docs/modules/restArguments.html","921","11","921","74"
"DOM text reinterpreted as HTML","Reinterpreting text from the DOM as HTML can lead to a cross-site scripting vulnerability.","warning","[[""DOM text""|""relative:///docs/modules/result.html:922:20:922:33""]] is reinterpreted as HTML without escaping meta-characters.","/docs/modules/result.html","928","11","928","74"
"DOM text reinterpreted as HTML","Reinterpreting text from the DOM as HTML can lead to a cross-site scripting vulnerability.","warning","[[""DOM text""|""relative:///docs/modules/sample.html:927:20:927:33""]] is reinterpreted as HTML without escaping meta-characters.","/docs/modules/sample.html","933","11","933","74"
"DOM text reinterpreted as HTML","Reinterpreting text from the DOM as HTML can lead to a cross-site scripting vulnerability.","warning","[[""DOM text""|""relative:///docs/modules/shuffle.html:906:20:906:33""]] is reinterpreted as HTML without escaping meta-characters.","/docs/modules/shuffle.html","912","11","912","74"
"DOM text reinterpreted as HTML","Reinterpreting text from the DOM as HTML can lead to a cross-site scripting vulnerability.","warning","[[""DOM text""|""relative:///docs/modules/size.html:908:20:908:33""]] is reinterpreted as HTML without escaping meta-characters.","/docs/modules/size.html","914","11","914","74"
"DOM text reinterpreted as HTML","Reinterpreting text from the DOM as HTML can lead to a cross-site scripting vulnerability.","warning","[[""DOM text""|""relative:///docs/modules/some.html:915:20:915:33""]] is reinterpreted as HTML without escaping meta-characters.","/docs/modules/some.html","921","11","921","74"
"DOM text reinterpreted as HTML","Reinterpreting text from the DOM as HTML can lead to a cross-site scripting vulnerability.","warning","[[""DOM text""|""relative:///docs/modules/sortBy.html:924:20:924:33""]] is reinterpreted as HTML without escaping meta-characters.","/docs/modules/sortBy.html","930","11","930","74"
"DOM text reinterpreted as HTML","Reinterpreting text from the DOM as HTML can lead to a cross-site scripting vulnerability.","warning","[[""DOM text""|""relative:///docs/modules/sortedIndex.html:915:20:915:33""]] is reinterpreted as HTML without escaping meta-characters.","/docs/modules/sortedIndex.html","921","11","921","74"
"DOM text reinterpreted as HTML","Reinterpreting text from the DOM as HTML can lead to a cross-site scripting vulnerability.","warning","[[""DOM text""|""relative:///docs/modules/tap.html:895:20:895:33""]] is reinterpreted as HTML without escaping meta-characters.","/docs/modules/tap.html","901","11","901","74"
"DOM text reinterpreted as HTML","Reinterpreting text from the DOM as HTML can lead to a cross-site scripting vulnerability.","warning","[[""DOM text""|""relative:///docs/modules/template.html:1070:20:1070:33""]] is reinterpreted as HTML without escaping meta-characters.","/docs/modules/template.html","1076","11","1076","74"
"DOM text reinterpreted as HTML","Reinterpreting text from the DOM as HTML can lead to a cross-site scripting vulnerability.","warning","[[""DOM text""|""relative:///docs/modules/templateSettings.html:909:20:909:33""]] is reinterpreted as HTML without escaping meta-characters.","/docs/modules/templateSettings.html","915","11","915","74"
"DOM text reinterpreted as HTML","Reinterpreting text from the DOM as HTML can lead to a cross-site scripting vulnerability.","warning","[[""DOM text""|""relative:///docs/modules/throttle.html:947:20:947:33""]] is reinterpreted as HTML without escaping meta-characters.","/docs/modules/throttle.html","953","11","953","74"
"DOM text reinterpreted as HTML","Reinterpreting text from the DOM as HTML can lead to a cross-site scripting vulnerability.","warning","[[""DOM text""|""relative:///docs/modules/times.html:909:20:909:33""]] is reinterpreted as HTML without escaping meta-characters.","/docs/modules/times.html","915","11","915","74"
"DOM text reinterpreted as HTML","Reinterpreting text from the DOM as HTML can lead to a cross-site scripting vulnerability.","warning","[[""DOM text""|""relative:///docs/modules/toArray.html:933:20:933:33""]] is reinterpreted as HTML without escaping meta-characters.","/docs/modules/toArray.html","939","11","939","74"
"DOM text reinterpreted as HTML","Reinterpreting text from the DOM as HTML can lead to a cross-site scripting vulnerability.","warning","[[""DOM text""|""relative:///docs/modules/toPath.html:909:20:909:33""]] is reinterpreted as HTML without escaping meta-characters.","/docs/modules/toPath.html","915","11","915","74"
"DOM text reinterpreted as HTML","Reinterpreting text from the DOM as HTML can lead to a cross-site scripting vulnerability.","warning","[[""DOM text""|""relative:///docs/modules/underscore-array-methods.html:943:20:943:33""]] is reinterpreted as HTML without escaping meta-characters.","/docs/modules/underscore-array-methods.html","949","11","949","74"
"DOM text reinterpreted as HTML","Reinterpreting text from the DOM as HTML can lead to a cross-site scripting vulnerability.","warning","[[""DOM text""|""relative:///docs/modules/underscore.html:949:20:949:33""]] is reinterpreted as HTML without escaping meta-characters.","/docs/modules/underscore.html","955","11","955","74"
"DOM text reinterpreted as HTML","Reinterpreting text from the DOM as HTML can lead to a cross-site scripting vulnerability.","warning","[[""DOM text""|""relative:///docs/modules/unescape.html:905:20:905:33""]] is reinterpreted as HTML without escaping meta-characters.","/docs/modules/unescape.html","911","11","911","74"
"DOM text reinterpreted as HTML","Reinterpreting text from the DOM as HTML can lead to a cross-site scripting vulnerability.","warning","[[""DOM text""|""relative:///docs/modules/union.html:909:20:909:33""]] is reinterpreted as HTML without escaping meta-characters.","/docs/modules/union.html","915","11","915","74"
"DOM text reinterpreted as HTML","Reinterpreting text from the DOM as HTML can lead to a cross-site scripting vulnerability.","warning","[[""DOM text""|""relative:///docs/modules/uniq.html:936:20:936:33""]] is reinterpreted as HTML without escaping meta-characters.","/docs/modules/uniq.html","942","11","942","74"
"DOM text reinterpreted as HTML","Reinterpreting text from the DOM as HTML can lead to a cross-site scripting vulnerability.","warning","[[""DOM text""|""relative:///docs/modules/uniqueId.html:895:20:895:33""]] is reinterpreted as HTML without escaping meta-characters.","/docs/modules/uniqueId.html","901","11","901","74"
"DOM text reinterpreted as HTML","Reinterpreting text from the DOM as HTML can lead to a cross-site scripting vulnerability.","warning","[[""DOM text""|""relative:///docs/modules/unzip.html:915:20:915:33""]] is reinterpreted as HTML without escaping meta-characters.","/docs/modules/unzip.html","921","11","921","74"
"DOM text reinterpreted as HTML","Reinterpreting text from the DOM as HTML can lead to a cross-site scripting vulnerability.","warning","[[""DOM text""|""relative:///docs/modules/values.html:912:20:912:33""]] is reinterpreted as HTML without escaping meta-characters.","/docs/modules/values.html","918","11","918","74"
"DOM text reinterpreted as HTML","Reinterpreting text from the DOM as HTML can lead to a cross-site scripting vulnerability.","warning","[[""DOM text""|""relative:///docs/modules/where.html:908:20:908:33""]] is reinterpreted as HTML without escaping meta-characters.","/docs/modules/where.html","914","11","914","74"
"DOM text reinterpreted as HTML","Reinterpreting text from the DOM as HTML can lead to a cross-site scripting vulnerability.","warning","[[""DOM text""|""relative:///docs/modules/without.html:907:20:907:33""]] is reinterpreted as HTML without escaping meta-characters.","/docs/modules/without.html","913","11","913","74"
"DOM text reinterpreted as HTML","Reinterpreting text from the DOM as HTML can lead to a cross-site scripting vulnerability.","warning","[[""DOM text""|""relative:///docs/modules/wrap.html:908:20:908:33""]] is reinterpreted as HTML without escaping meta-characters.","/docs/modules/wrap.html","914","11","914","74"
"DOM text reinterpreted as HTML","Reinterpreting text from the DOM as HTML can lead to a cross-site scripting vulnerability.","warning","[[""DOM text""|""relative:///docs/modules/zip.html:906:20:906:33""]] is reinterpreted as HTML without escaping meta-characters.","/docs/modules/zip.html","912","11","912","74"
